{
  "annotations": {
    "list": [
      {
        "builtIn": 1,
        "datasource": {
          "type": "grafana",
          "uid": "-- Grafana --"
        },
        "enable": true,
        "hide": true,
        "iconColor": "rgba(0, 211, 255, 1)",
        "name": "Annotations & Alerts",
        "type": "dashboard"
      }
    ]
  },
  "editable": true,
  "fiscalYearStartMonth": 0,
  "graphTooltip": 0,
  "id": 6,
  "links": [],
  "liveNow": false,
  "panels": [
    {
      "collapsed": false,
      "gridPos": {
        "h": 1,
        "w": 24,
        "x": 0,
        "y": 0
      },
      "id": 21,
      "panels": [],
      "title": "Mariadb metrics",
      "type": "row"
    },
    {
      "datasource": "Prometheus",
      "fieldConfig": {
        "defaults": {
          "color": {
            "mode": "thresholds"
          },
          "mappings": [],
          "thresholds": {
            "mode": "absolute",
            "steps": [
              {
                "color": "green",
                "value": null
              },
              {
                "color": "red",
                "value": 80
              }
            ]
          },
          "unit": "s"
        },
        "overrides": []
      },
      "gridPos": {
        "h": 8,
        "w": 12,
        "x": 0,
        "y": 1
      },
      "id": 22,
      "options": {
        "colorMode": "value",
        "graphMode": "area",
        "justifyMode": "auto",
        "orientation": "auto",
        "reduceOptions": {
          "calcs": [
            "lastNotNull"
          ],
          "fields": "",
          "values": false
        },
        "textMode": "auto"
      },
      "pluginVersion": "9.5.18",
      "targets": [
        {
          "datasource": {
            "type": "prometheus",
            "uid": "c967d9ee-a1a9-48a1-a8a3-56d1bdb35d38"
          },
          "editorMode": "code",
          "expr": "mysql_uptime{service=\"mariadb\"}",
          "legendFormat": "__auto",
          "range": true,
          "refId": "A"
        }
      ],
      "title": "MariaDB Uptime",
      "type": "stat"
    },
    {
      "datasource": "Prometheus",
      "fieldConfig": {
        "defaults": {
          "color": {
            "mode": "thresholds"
          },
          "mappings": [],
          "thresholds": {
            "mode": "absolute",
            "steps": [
              {
                "color": "green",
                "value": null
              },
              {
                "color": "red",
                "value": 80
              }
            ]
          },
          "unit": "short"
        },
        "overrides": []
      },
      "gridPos": {
        "h": 8,
        "w": 12,
        "x": 12,
        "y": 1
      },
      "id": 23,
      "options": {
        "colorMode": "value",
        "graphMode": "area",
        "justifyMode": "auto",
        "orientation": "auto",
        "reduceOptions": {
          "calcs": [
            "lastNotNull"
          ],
          "fields": "",
          "values": false
        },
        "textMode": "auto"
      },
      "pluginVersion": "9.5.18",
      "targets": [
        {
          "datasource": "Prometheus",
          "editorMode": "code",
          "expr": "mysql_threads_connected{service=\"mariadb\"}\n",
          "legendFormat": "__auto",
          "range": true,
          "refId": "A"
        }
      ],
      "title": "Connected Clients",
      "type": "stat"
    },
    {
      "datasource": "Prometheus",
      "fieldConfig": {
        "defaults": {
          "color": {
            "mode": "thresholds"
          },
          "mappings": [],
          "thresholds": {
            "mode": "absolute",
            "steps": [
              {
                "color": "green",
                "value": null
              },
              {
                "color": "red",
                "value": 80
              }
            ]
          },
          "unit": "ops"
        },
        "overrides": []
      },
      "gridPos": {
        "h": 8,
        "w": 12,
        "x": 0,
        "y": 9
      },
      "id": 24,
      "options": {
        "colorMode": "value",
        "graphMode": "area",
        "justifyMode": "auto",
        "orientation": "auto",
        "reduceOptions": {
          "calcs": [
            "lastNotNull"
          ],
          "fields": "",
          "values": false
        },
        "textMode": "auto"
      },
      "pluginVersion": "9.5.18",
      "targets": [
        {
          "datasource": "Prometheus",
          "editorMode": "code",
          "expr": "rate(mysql_queries{service=\"mariadb\"}[1m])",
          "legendFormat": "__auto",
          "range": true,
          "refId": "A"
        }
      ],
      "title": "Queries Per Second (QPS)",
      "type": "stat"
    },
    {
      "datasource": "Prometheus",
      "fieldConfig": {
        "defaults": {
          "color": {
            "mode": "thresholds"
          },
          "mappings": [],
          "thresholds": {
            "mode": "absolute",
            "steps": [
              {
                "color": "green",
                "value": null
              },
              {
                "color": "red",
                "value": 80
              }
            ]
          },
          "unit": "short"
        },
        "overrides": []
      },
      "gridPos": {
        "h": 8,
        "w": 12,
        "x": 12,
        "y": 9
      },
      "id": 26,
      "options": {
        "colorMode": "value",
        "graphMode": "area",
        "justifyMode": "auto",
        "orientation": "auto",
        "reduceOptions": {
          "calcs": [
            "lastNotNull"
          ],
          "fields": "",
          "values": false
        },
        "textMode": "auto"
      },
      "pluginVersion": "9.5.18",
      "targets": [
        {
          "datasource": "Prometheus",
          "editorMode": "code",
          "expr": "increase(mysql_aborted_connects{service=\"mariadb\"}[5m])\n",
          "legendFormat": "__auto",
          "range": true,
          "refId": "A"
        }
      ],
      "title": "Aborted Connections",
      "type": "stat"
    },
    {
      "datasource": "Prometheus",
      "fieldConfig": {
        "defaults": {
          "color": {
            "mode": "thresholds"
          },
          "mappings": [],
          "thresholds": {
            "mode": "absolute",
            "steps": [
              {
                "color": "green",
                "value": null
              },
              {
                "color": "red",
                "value": 80
              }
            ]
          },
          "unit": "Bps"
        },
        "overrides": []
      },
      "gridPos": {
        "h": 8,
        "w": 12,
        "x": 0,
        "y": 17
      },
      "id": 25,
      "options": {
        "colorMode": "value",
        "graphMode": "area",
        "justifyMode": "auto",
        "orientation": "auto",
        "reduceOptions": {
          "calcs": [
            "lastNotNull"
          ],
          "fields": "",
          "values": false
        },
        "textMode": "auto"
      },
      "pluginVersion": "9.5.18",
      "targets": [
        {
          "datasource": "Prometheus",
          "editorMode": "code",
          "expr": "rate(mysql_bytes_sent{service=\"mariadb\"}[1m])",
          "legendFormat": "__auto",
          "range": true,
          "refId": "A"
        },
        {
          "datasource": "Prometheus",
          "editorMode": "code",
          "expr": "rate(mysql_bytes_received{service=\"mariadb\"}[1m])",
          "hide": false,
          "legendFormat": "__auto",
          "range": true,
          "refId": "B"
        }
      ],
      "title": "Network Throughput",
      "type": "stat"
    },
    {
      "datasource": "Prometheus",
      "fieldConfig": {
        "defaults": {
          "color": {
            "mode": "thresholds"
          },
          "mappings": [],
          "thresholds": {
            "mode": "absolute",
            "steps": [
              {
                "color": "green",
                "value": null
              },
              {
                "color": "red",
                "value": 80
              }
            ]
          },
          "unit": "ops"
        },
        "overrides": []
      },
      "gridPos": {
        "h": 8,
        "w": 12,
        "x": 12,
        "y": 17
      },
      "id": 27,
      "options": {
        "colorMode": "value",
        "graphMode": "area",
        "justifyMode": "auto",
        "orientation": "auto",
        "reduceOptions": {
          "calcs": [
            "lastNotNull"
          ],
          "fields": "",
          "values": false
        },
        "textMode": "auto"
      },
      "pluginVersion": "9.5.18",
      "targets": [
        {
          "datasource": "Prometheus",
          "editorMode": "code",
          "expr": "rate(mysql_slow_queries{service=\"mariadb\"}[1m])",
          "legendFormat": "__auto",
          "range": true,
          "refId": "A"
        }
      ],
      "title": "Slow Queries",
      "type": "stat"
    },
    {
      "gridPos": {
        "h": 1,
        "w": 24,
        "x": 0,
        "y": 25
      },
      "id": 19,
      "title": "Services Healthcheck",
      "type": "row"
    },
    {
      "datasource": "Prometheus",
      "fieldConfig": {
        "defaults": {
          "color": {
            "mode": "thresholds"
          },
          "custom": {
            "align": "auto",
            "cellOptions": {
              "type": "auto"
            },
            "inspect": false
          },
          "mappings": [],
          "thresholds": {
            "mode": "absolute",
            "steps": [
              {
                "color": "green",
                "value": null
              },
              {
                "color": "red",
                "value": 80
              }
            ]
          }
        },
        "overrides": []
      },
      "gridPos": {
        "h": 8,
        "w": 12,
        "x": 0,
        "y": 26
      },
      "id": 20,
      "options": {
        "cellHeight": "sm",
        "footer": {
          "countRows": false,
          "fields": "",
          "reducer": [
            "sum"
          ],
          "show": false
        },
        "frameIndex": 3,
        "showHeader": true,
        "sortBy": [
          {
            "desc": true,
            "displayName": "value"
          }
        ]
      },
      "pluginVersion": "9.5.18",
      "targets": [
        {
          "datasource": "Prometheus",
          "editorMode": "code",
          "expr": "{__name__=~\".*_healthcheck_http_response_code\"}",
          "legendFormat": "{{service}}",
          "range": true,
          "refId": "A"
        }
      ],
      "title": "Services Status codes",
      "transformations": [
        {
          "id": "labelsToFields",
          "options": {
            "keepLabels": [
              "service",
              "status_code"
            ],
            "mode": "rows"
          }
        }
      ],
      "type": "table"
    },
    {
      "collapsed": true,
      "gridPos": {
        "h": 1,
        "w": 24,
        "x": 0,
        "y": 34
      },
      "id": 8,
      "panels": [
        {
          "datasource": "Prometheus",
          "fieldConfig": {
            "defaults": {
              "color": {
                "mode": "thresholds"
              },
              "custom": {
                "align": "auto",
                "cellOptions": {
                  "type": "auto"
                },
                "inspect": false
              },
              "mappings": [],
              "thresholds": {
                "mode": "absolute",
                "steps": [
                  {
                    "color": "green"
                  },
                  {
                    "color": "red",
                    "value": 80
                  }
                ]
              }
            },
            "overrides": []
          },
          "gridPos": {
            "h": 8,
            "w": 12,
            "x": 0,
            "y": 18
          },
          "id": 18,
          "options": {
            "cellHeight": "sm",
            "footer": {
              "countRows": false,
              "fields": "",
              "reducer": [
                "sum"
              ],
              "show": false
            },
            "showHeader": true,
            "sortBy": [
              {
                "desc": true,
                "displayName": "value"
              }
            ]
          },
          "pluginVersion": "9.5.18",
          "targets": [
            {
              "datasource": "Prometheus",
              "editorMode": "code",
              "exemplar": false,
              "expr": "qdrant_app_info",
              "format": "time_series",
              "instant": true,
              "legendFormat": "__auto",
              "range": false,
              "refId": "A"
            }
          ],
          "title": "Qdrant Application Info",
          "transformations": [
            {
              "id": "labelsToFields",
              "options": {
                "keepLabels": [
                  "host",
                  "service",
                  "url",
                  "version"
                ],
                "mode": "rows"
              }
            }
          ],
          "type": "table"
        },
        {
          "datasource": "Prometheus",
          "fieldConfig": {
            "defaults": {
              "color": {
                "mode": "continuous-GrYlRd"
              },
              "mappings": [],
              "thresholds": {
                "mode": "absolute",
                "steps": [
                  {
                    "color": "green"
                  },
                  {
                    "color": "red",
                    "value": 80
                  }
                ]
              },
              "unit": "decgbytes"
            },
            "overrides": []
          },
          "gridPos": {
            "h": 8,
            "w": 12,
            "x": 12,
            "y": 18
          },
          "id": 10,
          "options": {
            "orientation": "auto",
            "reduceOptions": {
              "calcs": [
                "lastNotNull"
              ],
              "fields": "",
              "values": false
            },
            "showThresholdLabels": false,
            "showThresholdMarkers": true
          },
          "pluginVersion": "9.5.18",
          "targets": [
            {
              "datasource": "Prometheus",
              "editorMode": "code",
              "expr": "qdrant_memory_allocated_bytes / 1024 / 1024 / 1024",
              "legendFormat": "__auto",
              "range": true,
              "refId": "A"
            }
          ],
          "title": "Qdrant Allocated Memory",
          "type": "gauge"
        },
        {
          "datasource": "Prometheus",
          "fieldConfig": {
            "defaults": {
              "color": {
                "mode": "continuous-GrYlRd"
              },
              "mappings": [],
              "thresholds": {
                "mode": "absolute",
                "steps": [
                  {
                    "color": "green"
                  },
                  {
                    "color": "red",
                    "value": 80
                  }
                ]
              },
              "unit": "decgbytes"
            },
            "overrides": []
          },
          "gridPos": {
            "h": 8,
            "w": 12,
            "x": 0,
            "y": 26
          },
          "id": 9,
          "options": {
            "orientation": "auto",
            "reduceOptions": {
              "calcs": [
                "lastNotNull"
              ],
              "fields": "",
              "values": false
            },
            "showThresholdLabels": false,
            "showThresholdMarkers": true
          },
          "pluginVersion": "9.5.18",
          "targets": [
            {
              "datasource": "Prometheus",
              "editorMode": "code",
              "expr": "qdrant_memory_active_bytes / 1024 / 1024 / 1024",
              "legendFormat": "__auto",
              "range": true,
              "refId": "A"
            }
          ],
          "title": "Qdrant Active Memory Usage",
          "type": "gauge"
        },
        {
          "datasource": "Prometheus",
          "fieldConfig": {
            "defaults": {
              "color": {
                "mode": "continuous-GrYlRd"
              },
              "mappings": [],
              "thresholds": {
                "mode": "absolute",
                "steps": [
                  {
                    "color": "green"
                  },
                  {
                    "color": "red",
                    "value": 80
                  }
                ]
              },
              "unit": "decgbytes"
            },
            "overrides": []
          },
          "gridPos": {
            "h": 8,
            "w": 12,
            "x": 12,
            "y": 26
          },
          "id": 12,
          "options": {
            "orientation": "auto",
            "reduceOptions": {
              "calcs": [
                "lastNotNull"
              ],
              "fields": "",
              "values": false
            },
            "showThresholdLabels": false,
            "showThresholdMarkers": true
          },
          "pluginVersion": "9.5.18",
          "targets": [
            {
              "datasource": "Prometheus",
              "editorMode": "code",
              "expr": "qdrant_memory_retained_bytes / 1024 / 1024 / 1024",
              "legendFormat": "__auto",
              "range": true,
              "refId": "A"
            }
          ],
          "title": "Qdrant Retained Memory",
          "type": "gauge"
        },
        {
          "datasource": "Prometheus",
          "fieldConfig": {
            "defaults": {
              "color": {
                "mode": "continuous-GrYlRd"
              },
              "mappings": [],
              "thresholds": {
                "mode": "absolute",
                "steps": [
                  {
                    "color": "green"
                  },
                  {
                    "color": "red",
                    "value": 80
                  }
                ]
              },
              "unit": "decgbytes"
            },
            "overrides": []
          },
          "gridPos": {
            "h": 8,
            "w": 12,
            "x": 0,
            "y": 34
          },
          "id": 11,
          "options": {
            "orientation": "auto",
            "reduceOptions": {
              "calcs": [
                "lastNotNull"
              ],
              "fields": "",
              "values": false
            },
            "showThresholdLabels": false,
            "showThresholdMarkers": true
          },
          "pluginVersion": "9.5.18",
          "targets": [
            {
              "datasource": "Prometheus",
              "editorMode": "code",
              "expr": "qdrant_memory_resident_bytes / 1024 / 1024 / 1024",
              "legendFormat": "__auto",
              "range": true,
              "refId": "A"
            }
          ],
          "title": "Qdrant Resident Memory Usage",
          "type": "gauge"
        },
        {
          "datasource": "Prometheus",
          "fieldConfig": {
            "defaults": {
              "color": {
                "mode": "continuous-GrYlRd"
              },
              "mappings": [],
              "thresholds": {
                "mode": "absolute",
                "steps": [
                  {
                    "color": "green"
                  },
                  {
                    "color": "red",
                    "value": 80
                  }
                ]
              },
              "unit": "string"
            },
            "overrides": []
          },
          "gridPos": {
            "h": 8,
            "w": 12,
            "x": 12,
            "y": 34
          },
          "id": 14,
          "options": {
            "colorMode": "value",
            "graphMode": "area",
            "justifyMode": "auto",
            "orientation": "auto",
            "reduceOptions": {
              "calcs": [
                "lastNotNull"
              ],
              "fields": "",
              "values": false
            },
            "textMode": "auto"
          },
          "pluginVersion": "9.5.18",
          "targets": [
            {
              "datasource": "Prometheus",
              "editorMode": "code",
              "expr": "qdrant_collections_total",
              "legendFormat": "__auto",
              "range": true,
              "refId": "A"
            }
          ],
          "title": "Qdrant Number of Collections",
          "type": "stat"
        },
        {
          "datasource": "Prometheus",
          "fieldConfig": {
            "defaults": {
              "color": {
                "mode": "continuous-GrYlRd"
              },
              "mappings": [],
              "thresholds": {
                "mode": "absolute",
                "steps": [
                  {
                    "color": "green"
                  },
                  {
                    "color": "red",
                    "value": 80
                  }
                ]
              },
              "unit": "decgbytes"
            },
            "overrides": []
          },
          "gridPos": {
            "h": 8,
            "w": 12,
            "x": 0,
            "y": 42
          },
          "id": 13,
          "options": {
            "orientation": "auto",
            "reduceOptions": {
              "calcs": [
                "lastNotNull"
              ],
              "fields": "",
              "values": false
            },
            "showThresholdLabels": false,
            "showThresholdMarkers": true
          },
          "pluginVersion": "9.5.18",
          "targets": [
            {
              "datasource": "Prometheus",
              "editorMode": "code",
              "expr": "qdrant_memory_metadata_bytes / 1024 / 1024 / 1024",
              "legendFormat": "__auto",
              "range": true,
              "refId": "A"
            }
          ],
          "title": "Qdrant Metadata Memory Usage",
          "type": "gauge"
        },
        {
          "datasource": "Prometheus",
          "fieldConfig": {
            "defaults": {
              "color": {
                "mode": "continuous-GrYlRd"
              },
              "mappings": [],
              "thresholds": {
                "mode": "absolute",
                "steps": [
                  {
                    "color": "green"
                  },
                  {
                    "color": "red",
                    "value": 80
                  }
                ]
              },
              "unit": "string"
            },
            "overrides": []
          },
          "gridPos": {
            "h": 8,
            "w": 12,
            "x": 12,
            "y": 42
          },
          "id": 16,
          "options": {
            "colorMode": "value",
            "graphMode": "area",
            "justifyMode": "auto",
            "orientation": "auto",
            "reduceOptions": {
              "calcs": [
                "lastNotNull"
              ],
              "fields": "",
              "values": false
            },
            "textMode": "auto"
          },
          "pluginVersion": "9.5.18",
          "targets": [
            {
              "datasource": "Prometheus",
              "editorMode": "code",
              "expr": "qdrant_app_status_recovery_mode",
              "legendFormat": "__auto",
              "range": true,
              "refId": "A"
            }
          ],
          "title": "Qdrant Application Status",
          "type": "stat"
        },
        {
          "datasource": "Prometheus",
          "fieldConfig": {
            "defaults": {
              "color": {
                "mode": "continuous-GrYlRd"
              },
              "mappings": [],
              "thresholds": {
                "mode": "absolute",
                "steps": [
                  {
                    "color": "green"
                  },
                  {
                    "color": "red",
                    "value": 80
                  }
                ]
              },
              "unit": "string"
            },
            "overrides": []
          },
          "gridPos": {
            "h": 8,
            "w": 12,
            "x": 0,
            "y": 50
          },
          "id": 15,
          "options": {
            "colorMode": "value",
            "graphMode": "area",
            "justifyMode": "auto",
            "orientation": "auto",
            "reduceOptions": {
              "calcs": [
                "lastNotNull"
              ],
              "fields": "",
              "values": false
            },
            "textMode": "auto"
          },
          "pluginVersion": "9.5.18",
          "targets": [
            {
              "datasource": "Prometheus",
              "editorMode": "code",
              "expr": "qdrant_collections_vector_total",
              "legendFormat": "__auto",
              "range": true,
              "refId": "A"
            }
          ],
          "title": "Qdrant Collections Vector Count",
          "type": "stat"
        },
        {
          "datasource": "Prometheus",
          "fieldConfig": {
            "defaults": {
              "color": {
                "mode": "continuous-GrYlRd"
              },
              "mappings": [],
              "thresholds": {
                "mode": "absolute",
                "steps": [
                  {
                    "color": "green"
                  },
                  {
                    "color": "red",
                    "value": 80
                  }
                ]
              },
              "unit": "string"
            },
            "overrides": []
          },
          "gridPos": {
            "h": 8,
            "w": 12,
            "x": 12,
            "y": 50
          },
          "id": 17,
          "options": {
            "colorMode": "value",
            "graphMode": "area",
            "justifyMode": "auto",
            "orientation": "auto",
            "reduceOptions": {
              "calcs": [
                "lastNotNull"
              ],
              "fields": "",
              "values": false
            },
            "textMode": "auto"
          },
          "pluginVersion": "9.5.18",
          "targets": [
            {
              "datasource": "Prometheus",
              "editorMode": "code",
              "expr": "qdrant_cluster_enabled",
              "legendFormat": "__auto",
              "range": true,
              "refId": "A"
            }
          ],
          "title": "Qdrant Cluster Status",
          "type": "stat"
        }
      ],
      "title": "Quadrant metrics",
      "type": "row"
    },
    {
      "collapsed": true,
      "gridPos": {
        "h": 1,
        "w": 24,
        "x": 0,
        "y": 35
      },
      "id": 7,
      "panels": [
        {
          "datasource": "Prometheus",
          "fieldConfig": {
            "defaults": {
              "color": {
                "mode": "palette-classic"
              },
              "custom": {
                "axisCenteredZero": false,
                "axisColorMode": "text",
                "axisLabel": "",
                "axisPlacement": "auto",
                "barAlignment": 0,
                "drawStyle": "line",
                "fillOpacity": 0,
                "gradientMode": "none",
                "hideFrom": {
                  "legend": false,
                  "tooltip": false,
                  "viz": false
                },
                "lineInterpolation": "linear",
                "lineWidth": 1,
                "pointSize": 5,
                "scaleDistribution": {
                  "type": "linear"
                },
                "showPoints": "auto",
                "spanNulls": false,
                "stacking": {
                  "group": "A",
                  "mode": "none"
                },
                "thresholdsStyle": {
                  "mode": "off"
                }
              },
              "mappings": [],
              "thresholds": {
                "mode": "absolute",
                "steps": [
                  {
                    "color": "green"
                  },
                  {
                    "color": "red",
                    "value": 80
                  }
                ]
              },
              "unit": "percent"
            },
            "overrides": []
          },
          "gridPos": {
            "h": 8,
            "w": 12,
            "x": 0,
            "y": 19
          },
          "id": 1,
          "options": {
            "legend": {
              "calcs": [],
              "displayMode": "list",
              "placement": "bottom",
              "showLegend": true
            },
            "tooltip": {
              "mode": "single",
              "sort": "none"
            }
          },
          "targets": [
            {
              "datasource": "Prometheus",
              "editorMode": "code",
              "expr": "100 - avg(cpu_usage_idle{cpu=\"cpu-total\"}) by (host)",
              "format": "CPU Usage",
              "legendFormat": "{{host}}",
              "range": true,
              "refId": "A"
            }
          ],
          "title": "Total CPU Used (%)",
          "type": "timeseries"
        },
        {
          "datasource": "Prometheus",
          "fieldConfig": {
            "defaults": {
              "color": {
                "mode": "palette-classic"
              },
              "custom": {
                "axisCenteredZero": false,
                "axisColorMode": "text",
                "axisLabel": "",
                "axisPlacement": "auto",
                "barAlignment": 0,
                "drawStyle": "line",
                "fillOpacity": 0,
                "gradientMode": "none",
                "hideFrom": {
                  "legend": false,
                  "tooltip": false,
                  "viz": false
                },
                "lineInterpolation": "linear",
                "lineStyle": {
                  "fill": "solid"
                },
                "lineWidth": 1,
                "pointSize": 5,
                "scaleDistribution": {
                  "type": "linear"
                },
                "showPoints": "auto",
                "spanNulls": false,
                "stacking": {
                  "group": "A",
                  "mode": "none"
                },
                "thresholdsStyle": {
                  "mode": "off"
                }
              },
              "mappings": [],
              "thresholds": {
                "mode": "absolute",
                "steps": [
                  {
                    "color": "green"
                  },
                  {
                    "color": "red",
                    "value": 80
                  }
                ]
              },
              "unit": "percent"
            },
            "overrides": []
          },
          "gridPos": {
            "h": 8,
            "w": 12,
            "x": 12,
            "y": 19
          },
          "id": 2,
          "options": {
            "legend": {
              "calcs": [],
              "displayMode": "list",
              "placement": "bottom",
              "showLegend": true
            },
            "tooltip": {
              "mode": "single",
              "sort": "none"
            }
          },
          "targets": [
            {
              "datasource": "Prometheus",
              "editorMode": "code",
              "expr": "avg(cpu_usage_idle{cpu=\"cpu-total\"}) by (host) ",
              "format": "CPU Usage",
              "legendFormat": "{{host}}",
              "range": true,
              "refId": "A"
            }
          ],
          "title": "Total CPU Free (%)",
          "type": "timeseries"
        },
        {
          "datasource": "Prometheus",
          "fieldConfig": {
            "defaults": {
              "color": {
                "mode": "palette-classic"
              },
              "custom": {
                "axisCenteredZero": false,
                "axisColorMode": "text",
                "axisLabel": "",
                "axisPlacement": "auto",
                "barAlignment": 0,
                "drawStyle": "line",
                "fillOpacity": 0,
                "gradientMode": "none",
                "hideFrom": {
                  "legend": false,
                  "tooltip": false,
                  "viz": false
                },
                "lineInterpolation": "linear",
                "lineWidth": 1,
                "pointSize": 5,
                "scaleDistribution": {
                  "type": "linear"
                },
                "showPoints": "auto",
                "spanNulls": false,
                "stacking": {
                  "group": "A",
                  "mode": "none"
                },
                "thresholdsStyle": {
                  "mode": "off"
                }
              },
              "mappings": [],
              "thresholds": {
                "mode": "absolute",
                "steps": [
                  {
                    "color": "green"
                  },
                  {
                    "color": "red",
                    "value": 80
                  }
                ]
              },
              "unit": "percent"
            },
            "overrides": []
          },
          "gridPos": {
            "h": 8,
            "w": 12,
            "x": 0,
            "y": 27
          },
          "id": 3,
          "options": {
            "legend": {
              "calcs": [],
              "displayMode": "list",
              "placement": "bottom",
              "showLegend": true
            },
            "tooltip": {
              "mode": "single",
              "sort": "none"
            }
          },
          "targets": [
            {
              "datasource": "Prometheus",
              "editorMode": "code",
              "expr": "avg(mem_used_percent) by (host)",
              "format": "CPU Usage",
              "legendFormat": "{{host}}",
              "range": true,
              "refId": "A"
            }
          ],
          "title": "Total Memory Used (%)",
          "type": "timeseries"
        },
        {
          "datasource": "Prometheus",
          "fieldConfig": {
            "defaults": {
              "color": {
                "mode": "palette-classic"
              },
              "custom": {
                "axisCenteredZero": false,
                "axisColorMode": "text",
                "axisLabel": "",
                "axisPlacement": "auto",
                "barAlignment": 0,
                "drawStyle": "line",
                "fillOpacity": 0,
                "gradientMode": "none",
                "hideFrom": {
                  "legend": false,
                  "tooltip": false,
                  "viz": false
                },
                "lineInterpolation": "linear",
                "lineWidth": 1,
                "pointSize": 5,
                "scaleDistribution": {
                  "type": "linear"
                },
                "showPoints": "auto",
                "spanNulls": false,
                "stacking": {
                  "group": "A",
                  "mode": "none"
                },
                "thresholdsStyle": {
                  "mode": "off"
                }
              },
              "mappings": [],
              "thresholds": {
                "mode": "absolute",
                "steps": [
                  {
                    "color": "green"
                  },
                  {
                    "color": "red",
                    "value": 80
                  }
                ]
              },
              "unit": "percent"
            },
            "overrides": []
          },
          "gridPos": {
            "h": 8,
            "w": 12,
            "x": 12,
            "y": 27
          },
          "id": 4,
          "options": {
            "legend": {
              "calcs": [],
              "displayMode": "list",
              "placement": "bottom",
              "showLegend": true
            },
            "tooltip": {
              "mode": "single",
              "sort": "none"
            }
          },
          "targets": [
            {
              "datasource": "Prometheus",
              "editorMode": "code",
              "expr": "100 - avg(mem_used_percent) by (host)",
              "format": "CPU Usage",
              "legendFormat": "{{host}}",
              "range": true,
              "refId": "A"
            }
          ],
          "title": "Total Memory Free (%)",
          "type": "timeseries"
        },
        {
          "datasource": "Prometheus",
          "fieldConfig": {
            "defaults": {
              "color": {
                "mode": "thresholds"
              },
              "mappings": [],
              "thresholds": {
                "mode": "absolute",
                "steps": [
                  {
                    "color": "green"
                  },
                  {
                    "color": "red",
                    "value": 80
                  }
                ]
              },
              "unit": "percent"
            },
            "overrides": []
          },
          "gridPos": {
            "h": 6,
            "w": 12,
            "x": 0,
            "y": 35
          },
          "id": 5,
          "options": {
            "orientation": "auto",
            "reduceOptions": {
              "calcs": [
                "lastNotNull"
              ],
              "fields": "",
              "values": false
            },
            "showThresholdLabels": false,
            "showThresholdMarkers": true
          },
          "pluginVersion": "9.5.18",
          "targets": [
            {
              "datasource": "Prometheus",
              "editorMode": "code",
              "expr": "disk_used_percent{path=~\"/|/opt\", fstype!=\"tmpfs\", fstype!=\"devtmpfs\"}",
              "format": "CPU Usage",
              "legendFormat": "{{device}} ({{path}})",
              "range": true,
              "refId": "A"
            }
          ],
          "title": "Total Disk Used (%)",
          "type": "gauge"
        },
        {
          "datasource": "Prometheus",
          "fieldConfig": {
            "defaults": {
              "color": {
                "mode": "thresholds"
              },
              "mappings": [],
              "thresholds": {
                "mode": "absolute",
                "steps": [
                  {
                    "color": "green"
                  },
                  {
                    "color": "red",
                    "value": 80
                  }
                ]
              },
              "unit": "gbytes"
            },
            "overrides": []
          },
          "gridPos": {
            "h": 6,
            "w": 12,
            "x": 12,
            "y": 35
          },
          "id": 6,
          "options": {
            "orientation": "auto",
            "reduceOptions": {
              "calcs": [
                "lastNotNull"
              ],
              "fields": "",
              "values": false
            },
            "showThresholdLabels": false,
            "showThresholdMarkers": true
          },
          "pluginVersion": "9.5.18",
          "targets": [
            {
              "datasource": "Prometheus",
              "editorMode": "code",
              "expr": "disk_free{path=~\"/|/opt\", fstype!=\"tmpfs\", fstype!=\"devtmpfs\"} / 1024 / 1024 / 1024",
              "format": "CPU Usage",
              "legendFormat": "{{device}} ({{path}})",
              "range": true,
              "refId": "A"
            }
          ],
          "title": "Total Disk Free (GB",
          "type": "gauge"
        }
      ],
      "title": "Instance metrics",
      "type": "row"
    }
  ],
  "refresh": "",
  "schemaVersion": 38,
  "style": "dark",
  "tags": [],
  "templating": {
    "list": []
  },
  "time": {
    "from": "now-6h",
    "to": "now"
  },
  "timepicker": {},
  "timezone": "",
  "title": "Ren3 Dashboard",
  "uid": "bad69690-6ffb-4e3a-8be4-b8cc6afcb541",
  "version": 27,
  "weekStart": ""
}